year,month,day,time,neighbourhood,city,country,temperature_c,temperature_f,humidity,weather,mq135_raw,mq3_raw,mq6_raw,mq7_raw,mq8_raw,mq135_v,mq3_v,mq6_v,mq7_v,mq8_v,mq135_ppm,mq3_ppm,mq6_ppm,mq7_ppm,mq8_ppm,sound_raw,sound_v,sound_events,warning
2026,May,Monday 25,10:50:18,Aradului,Timişoara,RO,26.6,79.9,48.0,Sunny,229,864,846,349,184,0.185,0.696,0.682,0.281,0.148,276.11,0.58,1331.61,151.16,1155.31,111,0.089,0,"Warning: High PPM detected — MQ6, MQ7, MQ8"
2026,May,Monday 25,10:50:31,Aradului,Timişoara,RO,26.9,80.4,48.0,Sunny,224,857,839,348,182,0.181,0.691,0.676,0.28,0.147,258.35,0.58,1301.99,150.47,1146.34,112,0.09,0,"Warning: High PPM detected — MQ6, MQ7, MQ8"
2026,May,Monday 25,10:50:42,Aradului,Timişoara,RO,26.9,80.4,48.0,Sunny,227,853,830,347,184,0.183,0.687,0.669,0.28,0.148,268.96,0.57,1264.2,149.76,1155.4,111,0.089,0,"Warning: High PPM detected — MQ6, MQ7, MQ8"
2026,May,Thursday 28,17:00:02,Aradului ap.,Timişoara,RO,28.1,82.6,49.0,Sunny,315,1443,1135,510,234,0.254,1.163,0.915,0.411,0.189,734.91,1.7,3094.05,287.6,1375.97,112,0.09,0,"Warning: High PPM detected — MQ6, MQ7, MQ8"
2026,May,Thursday 28,17:00:15,Aradului ap.,Timişoara,RO,28.1,82.6,49.0,Sunny,314,1422,1118,505,232,0.253,1.146,0.901,0.407,0.187,727.71,1.64,2957.27,282.74,1367.38,113,0.091,0,"Warning: High PPM detected — MQ6, MQ7, MQ8"
2026,May,Thursday 28,17:02:54,Aradului ap.,Timişoara,RO,28.1,82.6,49.0,Sunny,247,1254,1161,424,189,0.199,1.011,0.936,0.342,0.152,348.37,1.24,3312.89,209.69,1178.6,105,0.085,0,"Warning: High PPM detected — MQ6, MQ7, MQ8"
2026,May,Thursday 28,17:07:21,Aradului ap.,Timişoara,RO,29.2,84.6,45.0,Sunny,244,1303,1042,415,184,0.197,1.05,0.84,0.334,0.148,334.55,1.35,2396.65,201.88,1155.14,154,0.124,0,"Warning: High PPM detected — MQ6, MQ7, MQ8"
2026,May,Thursday 28,17:07:34,Aradului ap.,Timişoara,RO,29.2,84.6,45.0,Sunny,242,1311,1040,408,186,0.195,1.056,0.838,0.329,0.15,326.28,1.36,2383.27,196.17,1164.16,155,0.125,0,"Warning: High PPM detected — MQ6, MQ7, MQ8"
2026,May,Thursday 28,17:07:44,Aradului ap.,Timişoara,RO,29.2,84.6,45.0,Sunny,240,1246,1030,408,187,0.193,1.004,0.83,0.329,0.151,318.16,1.22,2317.25,196.17,1168.67,166,0.134,0,"Warning: High PPM detected — MQ6, MQ7, MQ8"
2026,May,Thursday 28,17:10:32,Aradului ap.,Timişoara,RO,29.2,84.6,45.0,Sunny,262,1126,993,419,216,0.211,0.907,0.8,0.338,0.174,415.62,0.99,2085.1,205.17,1297.09,156,0.126,0,"Warning: High PPM detected — MQ6, MQ7, MQ8"
2026,May,Thursday 28,17:10:43,Aradului ap.,Timişoara,RO,29.2,84.6,45.0,Sunny,262,1110,989,410,209,0.211,0.895,0.797,0.33,0.168,415.62,0.96,2061.11,197.79,1266.47,157,0.127,0,"Warning: High PPM detected — MQ6, MQ7, MQ8"
2026,May,Thursday 28,17:10:53,Aradului ap.,Timişoara,RO,29.2,84.6,45.0,Sunny,265,1120,998,420,220,0.214,0.903,0.804,0.338,0.177,430.33,0.98,2115.38,206.0,1314.5,155,0.125,0,"Warning: High PPM detected — MQ6, MQ7, MQ8"
2026,May,Thursday 28,17:11:04,Aradului ap.,Timişoara,RO,29.2,84.6,45.0,Sunny,265,1114,996,420,221,0.214,0.898,0.803,0.338,0.178,430.33,0.97,2103.23,206.0,1318.84,156,0.126,0,"Warning: High PPM detected — MQ6, MQ7, MQ8"
2026,May,Thursday 28,17:12:59,Aradului ap.,Timişoara,RO,29.2,84.6,45.0,Sunny,215,1002,1012,368,177,0.173,0.807,0.816,0.297,0.143,228.02,0.78,2201.97,165.03,1123.35,146,0.118,0,"Warning: High PPM detected — MQ6, MQ7, MQ8"
2026,May,Thursday 28,17:13:09,Aradului ap.,Timişoara,RO,29.2,84.6,45.0,Sunny,217,996,1017,371,173,0.175,0.803,0.82,0.299,0.139,234.48,0.77,2233.54,167.28,1105.05,146,0.118,0,"Warning: High PPM detected — MQ6, MQ7, MQ8"
2026,May,Thursday 28,17:13:20,Aradului ap.,Timişoara,RO,29.2,84.6,45.0,Sunny,217,997,1015,372,174,0.175,0.803,0.818,0.3,0.14,234.48,0.77,2220.87,168.03,1109.64,146,0.118,0,"Warning: High PPM detected — MQ6, MQ7, MQ8"
2026,May,Thursday 28,17:13:33,Aradului ap.,Timişoara,RO,29.2,84.6,45.0,Sunny,220,986,1016,369,174,0.177,0.795,0.819,0.297,0.14,244.41,0.75,2227.2,165.78,1109.64,147,0.118,0,"Warning: High PPM detected — MQ6, MQ7, MQ8"
2026,May,Thursday 28,17:13:43,Aradului ap.,Timişoara,RO,29.2,84.6,45.0,Sunny,224,981,1012,368,175,0.181,0.791,0.816,0.297,0.141,258.1,0.75,2201.97,165.03,1114.21,146,0.118,0,"Warning: High PPM detected — MQ6, MQ7, MQ8"
2026,May,Thursday 28,17:13:54,Aradului ap.,Timişoara,RO,29.2,84.6,45.0,Sunny,215,980,1010,367,171,0.173,0.79,0.814,0.296,0.138,228.02,0.75,2189.44,164.29,1095.87,147,0.118,0,"Warning: High PPM detected — MQ6, MQ7, MQ8"
2026,May,Friday 29,10:24:53,Aradului ap.,Timişoara,RO,0.0,32.0,0.0,Sunny,315,1506,1134,533,227,0.254,1.214,0.914,0.43,0.183,735.62,1.88,3088.15,310.66,1346.17,152,0.122,0,"Warning: High PPM detected — MQ6, MQ7, MQ8"
2026,May,Friday 29,10:25:06,Aradului ap.,Timişoara,RO,0.0,32.0,0.0,Sunny,313,1581,1118,515,222,0.252,1.274,0.901,0.415,0.179,721.25,2.11,2959.46,292.65,1324.53,152,0.122,0,"Warning: High PPM detected — MQ6, MQ7, MQ8"
2026,May,Friday 29,10:25:17,Aradului ap.,Timişoara,RO,0.0,32.0,0.0,Sunny,313,1566,1101,498,226,0.252,1.262,0.887,0.401,0.182,721.25,2.06,2827.41,276.14,1341.85,152,0.122,0,"Warning: High PPM detected — MQ6, MQ7, MQ8"
2026,May,Friday 29,10:25:30,Aradului ap.,Timişoara,RO,0.0,32.0,0.0,Sunny,308,1548,1077,480,225,0.248,1.247,0.868,0.387,0.181,686.2,2.0,2648.91,259.19,1337.53,152,0.122,0,"Warning: High PPM detected — MQ6, MQ7, MQ8"
2026,May,Friday 29,10:25:43,Aradului ap.,Timişoara,RO,0.0,32.0,0.0,Sunny,305,1530,1062,465,227,0.246,1.233,0.856,0.375,0.183,665.75,1.95,2541.89,245.46,1346.17,152,0.122,0,"Warning: High PPM detected — MQ6, MQ7, MQ8"
2026,May,Friday 29,10:25:53,Aradului ap.,Timişoara,RO,0.0,32.0,0.0,Sunny,305,1519,1053,451,224,0.246,1.224,0.849,0.363,0.181,665.75,1.91,2479.32,232.98,1333.2,152,0.122,0,"Warning: High PPM detected — MQ6, MQ7, MQ8"
2026,May,Friday 29,10:26:06,Aradului ap.,Timişoara,RO,0.0,32.0,0.0,Sunny,301,1499,1040,444,225,0.243,1.208,0.838,0.358,0.181,639.15,1.86,2391.04,226.86,1337.53,153,0.123,0,"Warning: High PPM detected — MQ6, MQ7, MQ8"
2026,May,Friday 29,10:26:17,Aradului ap.,Timişoara,RO,0.0,32.0,0.0,Sunny,300,1488,1028,437,225,0.242,1.199,0.828,0.352,0.181,632.62,1.82,2311.73,220.82,1337.53,152,0.122,0,"Warning: High PPM detected — MQ6, MQ7, MQ8"
2026,May,Friday 29,10:26:27,Aradului ap.,Timişoara,RO,0.0,32.0,0.0,Sunny,297,1474,1018,430,225,0.239,1.188,0.82,0.347,0.181,613.31,1.78,2247.2,214.85,1337.53,152,0.122,0,"Warning: High PPM detected — MQ6, MQ7, MQ8"
2026,May,Friday 29,10:26:38,Aradului ap.,Timişoara,RO,0.0,32.0,0.0,Sunny,293,1461,1005,423,231,0.236,1.177,0.81,0.341,0.186,588.21,1.75,2165.38,208.97,1363.4,152,0.122,0,"Warning: High PPM detected — MQ6, MQ7, MQ8"
2026,May,Friday 29,10:26:51,Aradului ap.,Timişoara,RO,0.0,32.0,0.0,Sunny,297,1456,996,416,227,0.239,1.173,0.803,0.335,0.183,613.31,1.73,2110.09,203.16,1346.17,152,0.122,0,"Warning: High PPM detected — MQ6, MQ7, MQ8"
2026,May,Friday 29,10:27:04,Aradului ap.,Timişoara,RO,0.0,32.0,0.0,Sunny,290,1439,993,412,228,0.234,1.16,0.8,0.332,0.184,569.86,1.69,2091.9,199.87,1350.48,152,0.122,0,"Warning: High PPM detected — MQ6, MQ7, MQ8"
2026,May,Friday 29,10:27:14,Aradului ap.,Timişoara,RO,0.0,32.0,0.0,Sunny,289,1436,986,409,228,0.233,1.157,0.795,0.33,0.184,563.84,1.68,2049.92,197.43,1350.48,152,0.122,0,"Warning: High PPM detected — MQ6, MQ7, MQ8"
2026,May,Friday 29,10:27:27,Aradului ap.,Timişoara,RO,0.0,32.0,0.0,Sunny,286,1423,970,404,226,0.23,1.147,0.782,0.326,0.182,546.03,1.64,1956.37,193.38,1341.85,152,0.122,0,"Warning: High PPM detected — MQ6, MQ7, MQ8"
2026,May,Friday 29,10:27:38,Aradului ap.,Timişoara,RO,0.0,32.0,0.0,Sunny,287,1417,966,399,226,0.231,1.142,0.778,0.322,0.182,551.92,1.63,1933.5,189.37,1341.85,152,0.122,0,"Warning: High PPM detected — MQ6, MQ7, MQ8"
2026,May,Friday 29,10:27:48,Aradului ap.,Timişoara,RO,0.0,32.0,0.0,Sunny,287,1408,953,398,226,0.231,1.135,0.768,0.321,0.182,551.92,1.6,1860.55,188.58,1341.85,152,0.122,0,"Warning: High PPM detected — MQ6, MQ7, MQ8"
2026,May,Friday 29,10:28:01,Aradului ap.,Timişoara,RO,0.0,32.0,0.0,Sunny,283,1390,948,395,226,0.228,1.12,0.764,0.318,0.182,528.61,1.56,1833.06,186.2,1341.85,151,0.122,0,"Warning: High PPM detected — MQ6, MQ7, MQ8"
2026,June,Friday 05,14:03:37,Aradului ap.,Timişoara,RO,0.0,32.0,0.0,Rainy,966,2406,2237,1663,633,0.778,1.939,1.803,1.34,0.51,31019.18,7.13,36848.36,3093.85,2939.56,151,0.122,0,"Warning: High PPM detected — MQ135, MQ6, MQ7, MQ8"
2026,June,Friday 05,14:03:50,Aradului ap.,Timişoara,RO,0.0,32.0,0.0,Rainy,904,2391,2216,1583,607,0.728,1.927,1.786,1.276,0.489,24272.09,6.97,35243.42,2735.34,2841.46,150,0.121,0,"Warning: High PPM detected — MQ135, MQ6, MQ7, MQ8"
2026,June,Friday 05,14:04:01,Aradului ap.,Timişoara,RO,0.0,32.0,0.0,Rainy,867,2400,2197,1527,580,0.699,1.934,1.77,1.231,0.467,20845.72,7.06,33853.56,2505.9,2739.48,151,0.122,0,"Warning: High PPM detected — MQ135, MQ6, MQ7, MQ8"
2026,June,Friday 05,14:04:14,Aradului ap.,Timişoara,RO,0.0,32.0,0.0,Rainy,836,2405,2204,1469,563,0.674,1.938,1.776,1.184,0.454,18282.28,7.12,34358.92,2285.3,2675.19,151,0.122,0,"Warning: High PPM detected — MQ135, MQ6, MQ7, MQ8"
2026,June,Saturday 06,11:07:42,Aradului ap.,Timişoara,RO,0.0,32.0,0.0,Rainy,311,1067,997,425,277,0.251,0.86,0.803,0.342,0.223,707.08,0.89,2116.18,210.64,1557.49,145,0.117,0,"Warning: High PPM detected — MQ6, MQ7, MQ8"
2026,June,Saturday 06,11:08:55,Aradului ap.,Timişoara,RO,0.0,32.0,0.0,Rainy,260,1016,961,377,221,0.21,0.819,0.774,0.304,0.178,407.74,0.8,1905.19,172.21,1320.19,161,0.13,0,"Warning: High PPM detected — MQ6, MQ7, MQ8"
2026,June,Saturday 06,11:09:08,Aradului ap.,Timişoara,RO,0.0,32.0,0.0,Rainy,261,1019,960,375,220,0.21,0.821,0.774,0.302,0.177,412.55,0.81,1899.57,170.69,1315.85,162,0.131,0,"Warning: High PPM detected — MQ6, MQ7, MQ8"
2026,June,Saturday 06,11:09:19,Aradului ap.,Timişoara,RO,0.0,32.0,0.0,Rainy,259,1015,957,372,222,0.209,0.818,0.771,0.3,0.179,402.97,0.8,1882.77,168.41,1324.53,161,0.13,0,"Warning: High PPM detected — MQ6, MQ7, MQ8"
2026,June,Saturday 06,11:39:54,Aradului ap.,Timişoara,RO,0.0,32.0,0.0,Rainy,740,1399,1394,851,687,0.596,1.127,1.123,0.686,0.554,11878.96,1.58,5900.55,727.2,3143.29,198,0.16,0,"Warning: High PPM detected — MQ135, MQ6, MQ7, MQ8"
2026,June,Saturday 06,11:53:55,Aradului ap.,Timişoara,RO,28.0,82.4,43.0,Rainy,528,1296,1273,648,475,0.425,1.044,1.026,0.522,0.383,3771.67,1.33,4379.66,437.17,2336.03,190,0.153,0,"Warning: High PPM detected — MQ135, MQ6, MQ7, MQ8"
2026,June,Saturday 06,11:54:09,Aradului ap.,Timişoara,RO,27.7,81.9,43.0,Rainy,574,1328,1309,691,517,0.463,1.07,1.055,0.557,0.417,4967.87,1.4,4783.18,491.04,2495.79,191,0.154,0,"Warning: High PPM detected — MQ135, MQ6, MQ7, MQ8"
2026,June,Saturday 06,11:54:20,Aradului ap.,Timişoara,RO,27.9,82.2,42.0,Rainy,585,1336,1315,701,536,0.471,1.077,1.06,0.565,0.432,5286.5,1.42,4849.78,503.81,2567.2,190,0.153,0,"Warning: High PPM detected — MQ135, MQ6, MQ7, MQ8"
2026,June,Saturday 06,11:54:31,Aradului ap.,Timişoara,RO,27.9,82.2,42.0,Rainy,592,1343,1312,707,541,0.477,1.082,1.057,0.57,0.436,5500.54,1.44,4814.53,511.73,2586.12,190,0.153,0,"Warning: High PPM detected — MQ135, MQ6, MQ7, MQ8"
2026,June,Saturday 06,11:54:44,Aradului ap.,Timişoara,RO,27.7,81.9,42.0,Rainy,593,1340,1313,699,538,0.478,1.08,1.058,0.563,0.434,5530.47,1.43,4825.47,501.13,2574.64,190,0.153,0,"Warning: High PPM detected — MQ135, MQ6, MQ7, MQ8"
2026,June,Saturday 06,11:54:54,Aradului ap.,Timişoara,RO,27.5,81.5,42.0,Rainy,583,1332,1295,686,530,0.47,1.073,1.044,0.553,0.427,5224.29,1.41,4617.25,484.21,2544.22,190,0.153,0,"Warning: High PPM detected — MQ135, MQ6, MQ7, MQ8"
2026,June,Saturday 06,11:55:05,Aradului ap.,Timişoara,RO,27.2,81.0,43.0,Rainy,592,1341,1302,708,551,0.477,1.081,1.049,0.571,0.444,5503.16,1.43,4700.25,513.18,2624.24,189,0.152,0,"Warning: High PPM detected — MQ135, MQ6, MQ7, MQ8"
2026,June,Saturday 06,11:55:15,Aradului ap.,Timişoara,RO,27.5,81.5,42.0,Rainy,590,1343,1295,700,549,0.475,1.082,1.044,0.564,0.442,5436.42,1.44,4617.25,502.38,2616.11,189,0.152,0,"Warning: High PPM detected — MQ135, MQ6, MQ7, MQ8"
2026,June,Saturday 06,11:55:26,Aradului ap.,Timişoara,RO,27.3,81.1,43.0,Rainy,593,1342,1295,700,547,0.478,1.081,1.044,0.564,0.441,5534.88,1.43,4620.81,502.65,2609.18,189,0.152,0,"Warning: High PPM detected — MQ135, MQ6, MQ7, MQ8"
2026,June,Saturday 06,12:25:50,Aradului ap.,Timişoara,RO,26.3,79.3,46.0,Rainy,384,1045,988,477,349,0.309,0.842,0.796,0.384,0.281,1357.68,0.85,2052.11,255.57,1846.89,190,0.153,0,"Warning: High PPM detected — MQ135, MQ6, MQ7, MQ8"
2026,June,Saturday 06,12:55:56,Aradului ap.,Timişoara,RO,26.2,79.2,47.0,Rainy,380,1004,944,475,349,0.306,0.809,0.761,0.383,0.281,1314.91,0.78,1804.11,253.87,1847.34,190,0.153,0,"Warning: High PPM detected — MQ135, MQ6, MQ7, MQ8"
2026,June,Saturday 06,13:26:02,Aradului ap.,Timişoara,RO,26.3,79.3,47.0,Rainy,387,989,911,476,359,0.312,0.797,0.734,0.384,0.289,1393.0,0.76,1632.58,254.8,1887.08,190,0.153,0,"Warning: High PPM detected — MQ135, MQ6, MQ7, MQ8"
2026,June,Saturday 06,13:56:09,Aradului ap.,Timişoara,RO,26.2,79.2,47.0,Rainy,389,971,903,473,362,0.313,0.782,0.728,0.381,0.292,1415.7,0.73,1592.73,252.04,1898.9,190,0.153,0,"Warning: High PPM detected — MQ135, MQ6, MQ7, MQ8"
2026,June,Saturday 06,14:26:18,Aradului ap.,Timişoara,RO,26.4,79.5,47.0,Rainy,394,967,900,478,368,0.318,0.779,0.725,0.385,0.297,1474.36,0.73,1578.29,256.66,1922.7,192,0.155,0,"Warning: High PPM detected — MQ135, MQ6, MQ7, MQ8"
2026,June,Saturday 06,14:56:26,Aradului ap.,Timişoara,RO,26.4,79.5,46.0,Rainy,394,963,898,487,364,0.318,0.776,0.724,0.392,0.293,1472.71,0.72,1567.21,264.86,1906.39,198,0.16,0,"Warning: High PPM detected — MQ135, MQ6, MQ7, MQ8"
2026,June,Saturday 06,15:26:33,Aradului ap.,Timişoara,RO,26.3,79.3,47.0,Rainy,398,952,895,487,373,0.321,0.767,0.721,0.392,0.301,1522.08,0.7,1553.87,265.0,1942.36,199,0.16,0,"Warning: High PPM detected — MQ135, MQ6, MQ7, MQ8"
2026,June,Saturday 06,15:56:39,Aradului ap.,Timişoara,RO,26.4,79.5,46.0,Rainy,404,960,908,489,377,0.326,0.774,0.732,0.394,0.304,1594.39,0.72,1616.36,266.73,1957.62,202,0.163,0,"Warning: High PPM detected — MQ135, MQ6, MQ7, MQ8"
2026,June,Saturday 06,16:26:47,Aradului ap.,Timişoara,RO,26.3,79.3,46.0,Cloudy,411,966,909,497,379,0.331,0.778,0.733,0.401,0.305,1683.57,0.72,1621.2,274.28,1965.43,204,0.164,0,"Warning: High PPM detected — MQ135, MQ6, MQ7, MQ8"
2026,June,Saturday 06,16:56:53,Aradului ap.,Timişoara,RO,26.9,80.4,45.0,Cloudy,414,962,905,499,386,0.334,0.775,0.729,0.402,0.311,1722.12,0.72,1600.78,276.12,1992.66,204,0.164,0,"Warning: High PPM detected — MQ135, MQ6, MQ7, MQ8"
2026,June,Saturday 06,17:26:58,Aradului ap.,Timişoara,RO,28.6,83.5,42.0,Cloudy,299,624,696,339,232,0.241,0.503,0.561,0.273,0.187,620.85,0.32,786.68,143.69,1364.92,151,0.122,1,"Warning: High PPM detected — MQ7, MQ8"
2026,June,Saturday 06,17:57:04,Aradului ap.,Timişoara,RO,28.6,83.5,42.0,Cloudy,300,572,683,340,234,0.242,0.461,0.55,0.274,0.189,627.28,0.28,748.82,144.39,1373.48,151,0.122,0,"Warning: High PPM detected — MQ7, MQ8"
2026,June,Saturday 06,18:27:12,Aradului ap.,Timişoara,RO,28.6,83.5,42.0,Cloudy,286,526,658,321,213,0.23,0.424,0.53,0.259,0.172,541.41,0.24,679.58,131.32,1282.7,156,0.126,0,"Warning: High PPM detected — MQ7, MQ8"
2026,June,Saturday 06,18:57:20,Aradului ap.,Timişoara,RO,28.6,83.5,42.0,Cloudy,272,494,635,311,206,0.219,0.398,0.512,0.251,0.166,464.13,0.21,619.89,124.67,1252.01,155,0.125,1,"Warning: High PPM detected — MQ7, MQ8"
2026,June,Saturday 06,19:27:26,Aradului ap.,Timişoara,RO,28.6,83.5,42.0,Cloudy,339,542,701,368,267,0.273,0.437,0.565,0.297,0.215,916.37,0.25,801.59,164.66,1512.8,151,0.122,0,"Warning: High PPM detected — MQ7, MQ8"
2026,June,Saturday 06,19:57:34,Aradului ap.,Timişoara,RO,28.6,83.5,42.0,Cloudy,355,558,723,398,273,0.286,0.45,0.583,0.321,0.22,1058.38,0.26,869.54,187.73,1537.74,152,0.122,0,"Warning: High PPM detected — MQ135, MQ7, MQ8"
2026,June,Saturday 06,20:27:42,Aradului ap.,Timişoara,RO,28.6,83.5,42.0,Cloudy,369,580,747,410,278,0.297,0.467,0.602,0.33,0.224,1194.89,0.28,948.17,197.35,1558.45,153,0.123,0,"Warning: High PPM detected — MQ135, MQ7, MQ8"
2026,June,Saturday 06,20:57:50,Aradului ap.,Timişoara,RO,28.6,83.5,42.0,Rainy,369,585,751,409,282,0.297,0.471,0.605,0.33,0.227,1194.89,0.29,961.75,196.54,1574.97,152,0.122,0,"Warning: High PPM detected — MQ135, MQ7, MQ8"
2026,June,Saturday 06,21:51:05,Aradului ap.,Timişoara,RO,28.6,83.5,42.0,Rainy,435,670,843,475,342,0.351,0.54,0.679,0.383,0.276,2012.9,0.36,1313.88,253.43,1818.02,153,0.123,0,"Warning: High PPM detected — MQ135, MQ6, MQ7, MQ8"
2026,June,Saturday 06,22:21:13,Aradului ap.,Timişoara,RO,28.6,83.5,42.0,Cloudy,403,645,844,442,318,0.325,0.52,0.68,0.356,0.256,1578.15,0.34,1318.15,224.11,1721.77,162,0.131,0,"Warning: High PPM detected — MQ135, MQ6, MQ7, MQ8"
2026,June,Saturday 06,22:51:21,Aradului ap.,Timişoara,RO,28.6,83.5,42.0,Cloudy,394,630,830,430,310,0.318,0.508,0.669,0.347,0.25,1469.21,0.33,1259.25,213.89,1689.42,165,0.133,1,"Warning: High PPM detected — MQ135, MQ6, MQ7, MQ8"
2026,June,Saturday 06,23:21:26,Aradului ap.,Timişoara,RO,28.6,83.5,42.0,Cloudy,394,624,826,422,307,0.318,0.503,0.666,0.34,0.247,1469.21,0.32,1242.78,207.2,1677.25,165,0.133,0,"Warning: High PPM detected — MQ135, MQ6, MQ7, MQ8"
2026,June,Saturday 06,23:51:34,Aradului ap.,Timişoara,RO,28.6,83.5,42.0,Rainy,381,623,809,414,304,0.307,0.502,0.652,0.334,0.245,1321.51,0.32,1174.51,200.61,1665.06,173,0.139,0,"Warning: High PPM detected — MQ135, MQ6, MQ7, MQ8"
2026,June,Sunday 07,00:21:40,Aradului ap.,Timişoara,RO,28.6,83.5,42.0,Rainy,378,620,815,418,303,0.305,0.5,0.657,0.337,0.244,1289.0,0.32,1198.29,203.89,1660.99,175,0.141,0,"Warning: High PPM detected — MQ135, MQ6, MQ7, MQ8"
2026,June,Sunday 07,00:51:48,Aradului ap.,Timişoara,RO,28.6,83.5,42.0,Rainy,392,660,891,433,303,0.316,0.532,0.718,0.349,0.244,1445.75,0.36,1530.68,216.42,1660.99,175,0.141,0,"Warning: High PPM detected — MQ135, MQ6, MQ7, MQ8"
2026,June,Sunday 07,01:21:54,Aradului ap.,Timişoara,RO,28.6,83.5,42.0,Cloudy,401,679,908,444,304,0.323,0.547,0.732,0.358,0.245,1553.46,0.37,1613.44,225.84,1665.06,176,0.142,0,"Warning: High PPM detected — MQ135, MQ6, MQ7, MQ8"
2026,June,Sunday 07,01:41:42,Aradului ap.,Timişoara,RO,0.0,32.0,0.0,Cloudy,828,1054,1300,876,613,0.667,0.849,1.048,0.706,0.494,17663.21,0.86,4708.55,768.74,2864.1,250,0.201,0,"Warning: High PPM detected — MQ135, MQ6, MQ7, MQ8"
2026,June,Sunday 07,01:44:11,Aradului ap.,Timişoara,RO,0.0,32.0,0.0,Cloudy,824,1014,1301,846,608,0.664,0.817,1.048,0.682,0.49,17359.96,0.8,4720.08,719.07,2845.23,147,0.118,0,"Warning: High PPM detected — MQ135, MQ6, MQ7, MQ8"
2026,June,Sunday 07,01:45:07,Aradului ap.,Timişoara,RO,0.0,32.0,0.0,Cloudy,564,771,1049,549,338,0.455,0.621,0.845,0.442,0.272,4725.0,0.47,2451.89,327.13,1805.74,148,0.119,0,"Warning: High PPM detected — MQ135, MQ6, MQ7, MQ8"
2026,June,Sunday 07,01:49:53,Aradului ap.,Timişoara,RO,0.0,32.0,0.0,Cloudy,509,608,1045,408,207,0.41,0.49,0.842,0.329,0.167,3371.91,0.31,2424.7,196.61,1258.97,143,0.115,0,"Warning: High PPM detected — MQ135, MQ6, MQ7, MQ8"
2026,June,Sunday 07,01:51:08,Aradului ap.,Timişoara,RO,0.0,32.0,0.0,Cloudy,449,563,962,359,201,0.362,0.454,0.775,0.289,0.162,2246.92,0.27,1910.83,158.73,1232.46,143,0.115,0,"Warning: High PPM detected — MQ135, MQ6, MQ7, MQ8"
2026,June,Monday 08,19:00:26,Aradului ap.,Timişoara,RO,27.2,81.0,45.0,Cloudy,683,2019,1345,1011,380,0.55,1.627,1.084,0.815,0.306,8947.41,4.03,5225.65,1015.51,1969.28,145,0.117,0,"Warning: High PPM detected — MQ135, MQ6, MQ7, MQ8"
2026,June,Monday 08,19:00:39,Aradului ap.,Timişoara,RO,27.1,80.8,45.0,Cloudy,662,1990,1301,971,380,0.533,1.604,1.048,0.782,0.306,8040.78,3.86,4696.86,936.83,1969.23,145,0.117,0,"Warning: High PPM detected — MQ135, MQ6, MQ7, MQ8"
2026,June,Monday 08,19:00:52,Aradului ap.,Timişoara,RO,27.2,81.0,45.0,Cloudy,645,1961,1259,941,379,0.52,1.58,1.015,0.758,0.305,7361.1,3.7,4235.0,880.6,1965.36,145,0.117,0,"Warning: High PPM detected — MQ135, MQ6, MQ7, MQ8"
2026,June,Monday 08,19:01:05,Aradului ap.,Timişoara,RO,27.2,81.0,45.0,Cloudy,621,1926,1216,912,369,0.5,1.552,0.98,0.735,0.297,6475.84,3.52,3801.09,828.29,1926.01,144,0.116,0,"Warning: High PPM detected — MQ135, MQ6, MQ7, MQ8"
2026,June,Monday 08,19:01:16,Aradului ap.,Timişoara,RO,27.2,81.0,45.0,Cloudy,604,1901,1194,890,366,0.487,1.532,0.962,0.717,0.295,5899.28,3.39,3593.5,789.96,1914.17,144,0.116,0,"Warning: High PPM detected — MQ135, MQ6, MQ7, MQ8"
2026,June,Monday 08,19:01:29,Aradului ap.,Timişoara,RO,27.1,80.8,45.0,Cloudy,608,1886,1183,874,377,0.49,1.52,0.953,0.704,0.304,6030.66,3.32,3492.9,762.74,1957.45,145,0.117,0,"Warning: High PPM detected — MQ135, MQ6, MQ7, MQ8"
2026,June,Monday 08,19:12:24,Aradului ap.,Timişoara,RO,27.4,81.3,45.0,Cloudy,352,1211,826,492,290,0.284,0.976,0.666,0.396,0.234,1033.04,1.15,1244.99,269.55,1608.77,146,0.118,0,"Warning: High PPM detected — MQ135, MQ6, MQ7, MQ8"
2026,June,Monday 08,19:22:32,Aradului ap.,Timişoara,RO,27.4,81.3,45.0,Cloudy,340,1093,739,480,300,0.274,0.881,0.596,0.387,0.242,926.98,0.93,923.07,258.34,1649.69,145,0.117,0,"Warning: High PPM detected — MQ7, MQ8"
2026,June,Monday 08,19:32:38,Aradului ap.,Timişoara,RO,27.4,81.3,45.0,Cloudy,330,1035,688,472,305,0.266,0.834,0.554,0.38,0.246,844.69,0.83,764.58,251.0,1670.06,145,0.117,0,"Warning: High PPM detected — MQ7, MQ8"
2026,June,Monday 08,19:42:43,Aradului ap.,Timişoara,RO,27.4,81.3,45.0,Cloudy,321,991,655,460,298,0.259,0.799,0.528,0.371,0.24,775.16,0.76,672.77,240.18,1641.53,145,0.117,0,"Warning: High PPM detected — MQ7, MQ8"
2026,June,Tuesday 09,14:14:13,Aradului ap.,Timişoara,RO,30.3,86.5,36.0,Cloudy,453,1312,822,569,370,0.365,1.057,0.662,0.459,0.298,2277.87,1.36,1220.57,345.61,1926.04,143,0.115,0,"Warning: High PPM detected — MQ135, MQ6, MQ7, MQ8"
2026,June,Tuesday 09,14:14:27,Aradului ap.,Timişoara,RO,30.0,86.0,36.0,Cloudy,445,1302,808,560,365,0.359,1.049,0.651,0.451,0.294,2150.6,1.34,1164.69,336.0,1906.22,143,0.115,0,"Warning: High PPM detected — MQ135, MQ6, MQ7, MQ8"
2026,June,Tuesday 09,14:55:56,Aradului ap.,Timişoara,RO,28.7,83.7,40.0,Cloudy,721,1187,1021,812,663,0.581,0.957,0.823,0.654,0.534,10734.25,1.1,2247.64,661.35,3044.72,151,0.122,0,"Warning: High PPM detected — MQ135, MQ6, MQ7, MQ8"
2026,June,Tuesday 09,15:26:49,Aradului ap.,Timişoara,RO,28.7,83.7,40.0,Cloudy,732,1195,1043,841,665,0.59,0.963,0.841,0.678,0.536,11313.61,1.11,2391.22,706.88,3052.24,149,0.12,0,"Warning: High PPM detected — MQ135, MQ6, MQ7, MQ8"
2026,June,Tuesday 09,15:53:40,Aradului ap.,Timişoara,RO,28.7,83.7,40.0,Cloudy,724,1175,1024,835,662,0.583,0.947,0.825,0.673,0.533,10889.93,1.07,2266.82,697.31,3040.96,149,0.12,0,"Warning: High PPM detected — MQ135, MQ6, MQ7, MQ8"
2026,June,Tuesday 09,19:17:52,Aradului ap.,Timişoara,RO,27.2,81.0,46.0,Cloudy,367,909,1104,775,310,0.296,0.733,0.89,0.625,0.25,1178.49,0.64,2839.06,607.72,1690.74,146,0.118,0,"Warning: High PPM detected — MQ135, MQ6, MQ7, MQ8"
2026,June,Tuesday 09,19:19:00,Aradului ap.,Timişoara,RO,27.2,81.0,46.0,Cloudy,363,857,1110,763,311,0.293,0.691,0.895,0.615,0.251,1138.64,0.58,2885.23,590.29,1694.8,146,0.118,0,"Warning: High PPM detected — MQ135, MQ6, MQ7, MQ8"
2026,June,Tuesday 09,19:49:28,Aradului ap.,Timişoara,RO,27.2,81.0,46.0,Rainy,281,555,1010,584,240,0.226,0.447,0.814,0.471,0.193,514.53,0.26,2187.86,363.68,1400.2,135,0.109,0,"Warning: High PPM detected — MQ6, MQ7, MQ8"
2026,June,Tuesday 09,20:19:35,Aradului ap.,Timişoara,RO,27.2,81.0,46.0,Rainy,278,536,1023,592,236,0.224,0.432,0.824,0.477,0.19,497.85,0.25,2270.24,372.54,1383.12,136,0.11,0,"Warning: High PPM detected — MQ6, MQ7, MQ8"
2026,June,Tuesday 09,20:49:45,Aradului ap.,Timişoara,RO,27.2,81.0,46.0,Rainy,284,549,1048,606,240,0.229,0.442,0.845,0.488,0.193,531.59,0.26,2435.37,388.33,1400.2,136,0.11,0,"Warning: High PPM detected — MQ6, MQ7, MQ8"
2026,June,Tuesday 09,21:19:53,Aradului ap.,Timişoara,RO,27.2,81.0,46.0,Rainy,285,545,1085,632,239,0.23,0.439,0.874,0.509,0.193,537.36,0.25,2696.65,418.57,1395.93,135,0.109,0,"Warning: High PPM detected — MQ6, MQ7, MQ8"
2026,June,Tuesday 09,21:50:01,Aradului ap.,Timişoara,RO,27.2,81.0,46.0,Rainy,251,515,1120,631,190,0.202,0.415,0.903,0.508,0.153,364.29,0.23,2963.5,417.38,1181.89,138,0.111,0,"Warning: High PPM detected — MQ6, MQ7, MQ8"
2026,June,Tuesday 09,22:20:10,Aradului ap.,Timişoara,RO,27.2,81.0,46.0,Cloudy,252,522,1147,630,193,0.203,0.421,0.924,0.508,0.156,368.73,0.24,3183.25,416.2,1195.32,139,0.112,0,"Warning: High PPM detected — MQ6, MQ7, MQ8"
2026,June,Tuesday 09,22:50:21,Aradului ap.,Timişoara,RO,27.2,81.0,46.0,Cloudy,258,528,1150,627,203,0.208,0.425,0.927,0.505,0.164,396.16,0.24,3208.45,412.66,1239.76,143,0.115,0,"Warning: High PPM detected — MQ6, MQ7, MQ8"
2026,June,Tuesday 09,23:20:28,Aradului ap.,Timişoara,RO,27.2,81.0,46.0,Cloudy,447,963,1262,754,374,0.36,0.776,1.017,0.608,0.301,2203.42,0.72,4270.44,577.41,1946.24,142,0.114,57,"Warning: High PPM detected — MQ135, MQ6, MQ7, MQ8"
2026,June,Tuesday 09,23:50:38,Aradului ap.,Timişoara,RO,27.2,81.0,46.0,Cloudy,473,1011,1277,861,392,0.381,0.815,1.029,0.694,0.316,2643.38,0.79,4432.14,741.59,2016.85,142,0.114,0,"Warning: High PPM detected — MQ135, MQ6, MQ7, MQ8"
2026,June,Wednesday 10,00:20:46,Aradului ap.,Timişoara,RO,27.2,81.0,46.0,Cloudy,476,1040,1276,874,403,0.384,0.838,1.028,0.704,0.325,2697.97,0.84,4421.2,763.25,2059.78,143,0.115,0,"Warning: High PPM detected — MQ135, MQ6, MQ7, MQ8"
2026,June,Wednesday 10,00:50:53,Aradului ap.,Timişoara,RO,27.2,81.0,46.0,Cloudy,484,1065,1268,875,412,0.39,0.858,1.022,0.705,0.332,2847.56,0.88,4334.53,764.93,2094.8,141,0.114,0,"Warning: High PPM detected — MQ135, MQ6, MQ7, MQ8"
2026,June,Wednesday 10,01:21:01,Aradului ap.,Timişoara,RO,27.2,81.0,46.0,Cloudy,493,1060,1253,870,425,0.397,0.854,1.01,0.701,0.342,3023.01,0.87,4175.77,756.54,2145.21,142,0.114,0,"Warning: High PPM detected — MQ135, MQ6, MQ7, MQ8"
2026,June,Wednesday 10,01:51:11,Aradului ap.,Timişoara,RO,27.2,81.0,46.0,Cloudy,508,1113,1279,880,439,0.409,0.897,1.031,0.709,0.354,3332.89,0.96,4454.07,773.37,2199.29,142,0.114,0,"Warning: High PPM detected — MQ135, MQ6, MQ7, MQ8"
2026,June,Wednesday 10,02:21:19,Aradului ap.,Timişoara,RO,27.2,81.0,46.0,Cloudy,570,1121,1310,935,500,0.459,0.903,1.056,0.753,0.403,4868.29,0.98,4805.72,870.14,2432.93,141,0.114,0,"Warning: High PPM detected — MQ135, MQ6, MQ7, MQ8"
2026,June,Wednesday 10,02:51:26,Aradului ap.,Timişoara,RO,27.2,81.0,46.0,Cloudy,587,1145,1322,949,513,0.473,0.923,1.065,0.765,0.413,5368.38,1.02,4947.89,895.93,2482.38,142,0.114,0,"Warning: High PPM detected — MQ135, MQ6, MQ7, MQ8"
2026,June,Wednesday 10,03:21:34,Aradului ap.,Timişoara,RO,27.2,81.0,46.0,Cloudy,578,1148,1313,934,505,0.466,0.925,1.058,0.753,0.407,5099.07,1.03,4840.94,868.31,2451.96,140,0.113,0,"Warning: High PPM detected — MQ135, MQ6, MQ7, MQ8"
2026,June,Wednesday 10,03:51:42,Aradului ap.,Timişoara,RO,27.2,81.0,46.0,Cloudy,568,1140,1305,920,500,0.458,0.919,1.052,0.741,0.403,4811.83,1.01,4747.5,843.03,2432.93,140,0.113,0,"Warning: High PPM detected — MQ135, MQ6, MQ7, MQ8"
2026,June,Wednesday 10,04:21:49,Aradului ap.,Timişoara,RO,27.2,81.0,46.0,Cloudy,566,1134,1285,921,495,0.456,0.914,1.036,0.742,0.399,4755.87,1.0,4520.42,844.82,2413.88,139,0.112,0,"Warning: High PPM detected — MQ135, MQ6, MQ7, MQ8"
2026,June,Wednesday 10,04:51:59,Aradului ap.,Timişoara,RO,27.2,81.0,46.0,Cloudy,551,1121,1266,903,487,0.444,0.903,1.02,0.728,0.392,4351.45,0.98,4313.08,812.96,2383.37,137,0.11,0,"Warning: High PPM detected — MQ135, MQ6, MQ7, MQ8"
2026,June,Wednesday 10,05:22:07,Aradului ap.,Timişoara,RO,27.2,81.0,46.0,Cloudy,565,1146,1302,919,494,0.455,0.924,1.049,0.741,0.398,4728.07,1.02,4712.85,841.24,2410.07,140,0.113,0,"Warning: High PPM detected — MQ135, MQ6, MQ7, MQ8"
2026,June,Wednesday 10,05:52:15,Aradului ap.,Timişoara,RO,27.2,81.0,46.0,Cloudy,557,1141,1290,917,489,0.449,0.919,1.04,0.739,0.394,4510.01,1.01,4576.33,837.67,2391.0,140,0.113,0,"Warning: High PPM detected — MQ135, MQ6, MQ7, MQ8"
2026,June,Wednesday 10,06:22:25,Aradului ap.,Timişoara,RO,27.2,81.0,46.0,Cloudy,552,1138,1279,903,491,0.445,0.917,1.031,0.728,0.396,4377.58,1.01,4454.07,812.96,2398.63,139,0.112,0,"Warning: High PPM detected — MQ135, MQ6, MQ7, MQ8"
2026,June,Wednesday 10,06:52:32,Aradului ap.,Timişoara,RO,27.2,81.0,46.0,Cloudy,541,1121,1264,893,473,0.436,0.903,1.019,0.72,0.381,4096.44,0.98,4291.72,795.6,2329.87,137,0.11,0,"Warning: High PPM detected — MQ135, MQ6, MQ7, MQ8"
2026,June,Wednesday 10,07:22:40,Aradului ap.,Timişoara,RO,27.2,81.0,46.0,Cloudy,536,1116,1242,881,472,0.432,0.899,1.001,0.71,0.38,3973.18,0.97,4062.41,775.07,2326.04,135,0.109,0,"Warning: High PPM detected — MQ135, MQ6, MQ7, MQ8"
2026,June,Wednesday 10,07:52:47,Aradului ap.,Timişoara,RO,27.2,81.0,46.0,Cloudy,543,1132,1264,897,480,0.438,0.912,1.019,0.723,0.387,4146.53,1.0,4291.72,802.52,2356.64,137,0.11,0,"Warning: High PPM detected — MQ135, MQ6, MQ7, MQ8"
2026,June,Wednesday 10,08:22:55,Aradului ap.,Timişoara,RO,27.2,81.0,46.0,Cloudy,548,1141,1264,900,481,0.442,0.919,1.019,0.725,0.388,4273.74,1.01,4291.72,807.73,2360.46,138,0.111,0,"Warning: High PPM detected — MQ135, MQ6, MQ7, MQ8"
2026,June,Wednesday 10,08:53:03,Aradului ap.,Timişoara,RO,27.2,81.0,46.0,Cloudy,541,1129,1247,900,476,0.436,0.91,1.005,0.725,0.384,4096.44,0.99,4113.62,807.73,2341.35,137,0.11,0,"Warning: High PPM detected — MQ135, MQ6, MQ7, MQ8"
2026,June,Wednesday 10,09:23:10,Aradului ap.,Timişoara,RO,27.2,81.0,46.0,Cloudy,260,861,866,607,201,0.21,0.694,0.698,0.489,0.162,405.62,0.58,1418.25,389.47,1230.91,139,0.112,4,"Warning: High PPM detected — MQ7, MQ8"
2026,June,Wednesday 10,09:53:18,Aradului ap.,Timişoara,RO,27.2,81.0,46.0,Sunny,250,816,721,630,200,0.201,0.658,0.581,0.508,0.161,359.88,0.52,865.35,416.2,1226.48,139,0.112,0,"Warning: High PPM detected — MQ7, MQ8"
2026,June,Wednesday 10,10:23:28,Aradului ap.,Timişoara,RO,27.2,81.0,46.0,Sunny,250,817,686,629,202,0.201,0.658,0.553,0.507,0.163,359.88,0.53,759.32,415.02,1235.34,139,0.112,1,"Warning: High PPM detected — MQ7, MQ8"
2026,June,Wednesday 10,10:53:38,Aradului ap.,Timişoara,RO,27.2,81.0,46.0,Sunny,252,831,675,642,204,0.203,0.67,0.544,0.517,0.164,368.73,0.54,727.96,430.53,1244.17,140,0.113,0,"Warning: High PPM detected — MQ7, MQ8"
2026,June,Wednesday 10,11:23:48,Aradului ap.,Timişoara,RO,27.2,81.0,46.0,Sunny,250,835,663,647,205,0.201,0.673,0.534,0.521,0.165,359.88,0.55,694.78,436.57,1248.58,139,0.112,0,"Warning: High PPM detected — MQ7, MQ8"
2026,June,Wednesday 10,11:53:56,Aradului ap.,Timişoara,RO,27.2,81.0,46.0,Cloudy,248,835,649,628,204,0.2,0.673,0.523,0.506,0.164,351.19,0.55,657.41,413.84,1244.17,139,0.112,0,"Warning: High PPM detected — MQ7, MQ8"
2026,June,Wednesday 10,12:24:03,Aradului ap.,Timişoara,RO,27.2,81.0,46.0,Cloudy,252,867,642,620,204,0.203,0.699,0.517,0.5,0.164,368.73,0.59,639.25,404.46,1244.17,139,0.112,0,"Warning: High PPM detected — MQ7, MQ8"
2026,June,Wednesday 10,12:54:13,Aradului ap.,Timişoara,RO,27.2,81.0,46.0,Cloudy,251,880,636,616,203,0.202,0.709,0.513,0.496,0.164,364.29,0.6,623.96,399.81,1239.76,139,0.112,0,"Warning: High PPM detected — MQ7, MQ8"
2026,June,Wednesday 10,13:24:21,Aradului ap.,Timişoara,RO,27.2,81.0,46.0,Cloudy,251,876,634,618,203,0.202,0.706,0.511,0.498,0.164,364.29,0.6,618.92,402.13,1239.76,140,0.113,0,"Warning: High PPM detected — MQ7, MQ8"
2026,June,Wednesday 10,13:54:28,Aradului ap.,Timişoara,RO,27.2,81.0,46.0,Cloudy,252,853,636,610,203,0.203,0.687,0.513,0.492,0.164,368.73,0.57,623.96,392.9,1239.76,139,0.112,0,"Warning: High PPM detected — MQ7, MQ8"
2026,June,Wednesday 10,14:24:36,Aradului ap.,Timişoara,RO,27.2,81.0,46.0,Cloudy,252,844,655,612,204,0.203,0.68,0.528,0.493,0.164,368.73,0.56,673.25,395.2,1244.17,140,0.113,0,"Warning: High PPM detected — MQ7, MQ8"
2026,June,Wednesday 10,14:54:44,Aradului ap.,Timişoara,RO,27.2,81.0,46.0,Cloudy,251,861,835,600,201,0.202,0.694,0.673,0.484,0.162,364.29,0.58,1283.24,381.52,1230.91,139,0.112,0,"Warning: High PPM detected — MQ7, MQ8"
2026,June,Wednesday 10,15:24:54,Aradului ap.,Timişoara,RO,27.2,81.0,46.0,Cloudy,249,856,834,580,203,0.201,0.69,0.672,0.467,0.164,355.52,0.57,1279.05,359.29,1239.76,140,0.113,0,"Warning: High PPM detected — MQ7, MQ8"
2026,June,Wednesday 10,15:55:01,Aradului ap.,Timişoara,RO,27.2,81.0,46.0,Sunny,246,858,850,580,201,0.198,0.691,0.685,0.467,0.162,342.64,0.58,1347.34,359.29,1230.91,140,0.113,0,"Warning: High PPM detected — MQ7, MQ8"
2026,June,Wednesday 10,16:25:09,Aradului ap.,Timişoara,RO,27.2,81.0,46.0,Sunny,246,853,934,570,201,0.198,0.687,0.753,0.459,0.162,342.64,0.57,1750.71,348.44,1230.91,139,0.112,0,"Warning: High PPM detected — MQ6, MQ7, MQ8"
2026,June,Wednesday 10,16:55:19,Aradului ap.,Timişoara,RO,27.2,81.0,46.0,Sunny,249,871,857,575,203,0.201,0.702,0.691,0.463,0.164,355.52,0.59,1378.04,353.85,1239.76,139,0.112,0,"Warning: High PPM detected — MQ7, MQ8"
2026,June,Wednesday 10,17:25:29,Aradului ap.,Timişoara,RO,27.2,81.0,46.0,Sunny,249,883,887,580,203,0.201,0.712,0.715,0.467,0.164,355.52,0.61,1515.44,359.29,1239.76,139,0.112,0,"Warning: High PPM detected — MQ7, MQ8"
2026,June,Wednesday 10,17:55:39,Aradului ap.,Timişoara,RO,27.2,81.0,46.0,Sunny,259,912,977,596,209,0.209,0.735,0.787,0.48,0.168,400.87,0.65,1988.97,377.02,1266.18,141,0.114,0,"Warning: High PPM detected — MQ6, MQ7, MQ8"
2026,June,Wednesday 10,18:25:49,Aradului ap.,Timişoara,RO,27.2,81.0,46.0,Sunny,272,975,1064,642,217,0.219,0.786,0.857,0.517,0.175,465.64,0.74,2545.82,430.53,1301.15,147,0.118,0,"Warning: High PPM detected — MQ6, MQ7, MQ8"
2026,June,Wednesday 10,18:55:57,Aradului ap.,Timişoara,RO,27.2,81.0,46.0,Sunny,274,988,1070,642,214,0.221,0.796,0.862,0.517,0.172,476.21,0.76,2588.22,430.53,1288.07,145,0.117,0,"Warning: High PPM detected — MQ6, MQ7, MQ8"
2026,June,Wednesday 10,23:27:39,Aradului ap.,Timişoara,RO,0.0,32.0,0.0,Sunny,394,1121,1331,767,231,0.318,0.903,1.073,0.618,0.186,1481.72,0.98,5076.96,597.72,1363.4,143,0.115,0,"Warning: High PPM detected — MQ135, MQ6, MQ7, MQ8"
2026,June,Wednesday 10,23:57:49,Aradului ap.,Timişoara,RO,0.0,32.0,0.0,Cloudy,313,1013,1256,653,180,0.252,0.816,1.012,0.526,0.145,721.25,0.8,4223.91,445.12,1138.18,142,0.114,0,"Warning: High PPM detected — MQ6, MQ7, MQ8"
2026,June,Thursday 11,10:18:25,Aradului ap.,Timişoara,RO,0.0,32.0,0.0,Cloudy,550,1078,1238,707,426,0.443,0.869,0.998,0.57,0.343,4348.08,0.9,4037.85,514.23,2151.78,137,0.11,0,"Warning: High PPM detected — MQ135, MQ6, MQ7, MQ8"
2026,June,Thursday 11,10:18:38,Aradului ap.,Timişoara,RO,0.0,32.0,0.0,Cloudy,559,1076,1240,711,435,0.45,0.867,0.999,0.573,0.351,4587.7,0.9,4058.18,519.58,2186.6,137,0.11,0,"Warning: High PPM detected — MQ135, MQ6, MQ7, MQ8"
2026,June,Thursday 11,10:37:25,Aradului ap.,Timişoara,RO,29.2,84.6,40.0,Cloudy,585,1067,1210,724,472,0.471,0.86,0.975,0.583,0.38,5280.17,0.88,3732.03,534.2,2323.15,138,0.111,0,"Warning: High PPM detected — MQ135, MQ6, MQ7, MQ8"
2026,June,Thursday 11,11:08:12,Araduli ap.,Timişoara,RO,27.5,81.5,43.0,Cloudy,493,827,1002,561,384,0.397,0.666,0.807,0.452,0.309,3013.38,0.54,2133.12,338.25,1984.0,137,0.11,0,"Warning: High PPM detected — MQ135, MQ6, MQ7, MQ8"
2026,June,Thursday 11,11:38:19,Araduli ap.,Timişoara,RO,27.3,81.1,42.0,Cloudy,490,801,980,567,388,0.395,0.645,0.79,0.457,0.313,2949.98,0.51,1999.39,344.38,1998.97,140,0.113,0,"Warning: High PPM detected — MQ135, MQ6, MQ7, MQ8"
2026,June,Thursday 11,12:08:29,Araduli ap.,Timişoara,RO,27.1,80.8,42.0,Rainy,501,798,962,569,386,0.404,0.643,0.775,0.459,0.311,3170.11,0.5,1896.23,346.48,1991.04,139,0.112,0,"Warning: High PPM detected — MQ135, MQ6, MQ7, MQ8"
2026,June,Thursday 11,13:42:35,Aradului ap.,Timişoara,RO,26.9,80.4,42.0,Rainy,326,715,851,429,212,0.263,0.576,0.686,0.346,0.171,238.25,0.27,1220.9,53.34,1001.19,130,0.105,0,"Warning: High PPM detected — MQ7, MQ8"
2026,June,Thursday 11,14:13:00,Aradului ap.,Timişoara,RO,27.9,82.2,43.0,Rainy,326,649,792,420,219,0.263,0.523,0.638,0.338,0.176,238.8,0.23,1005.93,51.53,1025.65,136,0.11,0,"Warning: High PPM detected — MQ7, MQ8"
2026,June,Thursday 11,14:43:07,Aradului ap.,Timişoara,RO,27.9,82.2,41.0,Rainy,324,639,725,456,224,0.261,0.515,0.584,0.367,0.181,233.7,0.22,793.02,59.17,1041.99,136,0.11,0,"Warning: High PPM detected — MQ7, MQ8"
2026,June,Thursday 11,15:13:17,Aradului ap.,Timişoara,RO,28.3,82.9,40.0,Rainy,323,636,693,528,225,0.26,0.513,0.558,0.425,0.181,231.27,0.22,703.75,76.13,1045.16,135,0.109,0,"Warning: High PPM detected — MQ7, MQ8"
2026,June,Thursday 11,21:46:24,Aradului ap.,Timişoara,RO,27.3,81.1,44.0,Rainy,496,1109,1086,752,398,0.4,0.894,0.875,0.606,0.321,3076.42,0.95,2699.46,573.9,2039.21,137,0.11,0,"Warning: High PPM detected — MQ135, MQ6, MQ7, MQ8"
2026,June,Thursday 11,22:16:56,Aradului ap.,Timişoara,RO,27.3,81.1,45.0,Rainy,408,703,937,793,363,0.329,0.567,0.755,0.639,0.293,483.85,0.26,1600.57,158.92,1490.59,138,0.111,31,"Warning: High PPM detected — MQ6, MQ7, MQ8"
2026,June,Thursday 11,22:47:04,Aradului ap.,Timişoara,RO,27.3,81.1,45.0,Rainy,417,710,935,798,375,0.336,0.572,0.753,0.643,0.302,518.6,0.27,1590.96,160.81,1527.66,138,0.111,0,"Warning: High PPM detected — MQ7, MQ8"
2026,June,Thursday 11,23:17:14,Aradului ap.,Timişoara,RO,27.3,81.1,45.0,Rainy,335,614,809,681,259,0.27,0.495,0.652,0.549,0.209,260.36,0.21,1066.77,119.97,1159.76,141,0.114,1,"Warning: High PPM detected — MQ7, MQ8"
2026,June,Thursday 11,23:47:24,Aradului ap.,Timişoara,RO,27.3,81.1,45.0,Rainy,334,631,815,687,260,0.269,0.508,0.657,0.554,0.21,257.95,0.22,1088.36,121.9,1163.05,141,0.114,0,"Warning: High PPM detected — MQ7, MQ8"
2026,June,Friday 12,00:17:32,Aradului ap.,Timişoara,RO,27.3,81.1,45.0,Rainy,341,642,820,699,262,0.275,0.517,0.661,0.563,0.211,275.17,0.22,1106.6,125.81,1169.61,140,0.113,0,"Warning: High PPM detected — MQ7, MQ8"
2026,June,Friday 12,00:47:39,Aradului ap.,Timişoara,RO,27.3,81.1,45.0,Rainy,340,649,829,706,265,0.274,0.523,0.668,0.569,0.214,272.66,0.23,1139.98,128.12,1179.44,140,0.113,0,"Warning: High PPM detected — MQ7, MQ8"
2026,June,Friday 12,01:17:47,Aradului ap.,Timişoara,RO,27.3,81.1,45.0,Cloudy,347,663,862,734,264,0.28,0.534,0.695,0.592,0.213,290.57,0.24,1268.67,137.62,1176.16,141,0.114,0,"Warning: High PPM detected — MQ7, MQ8"
2026,June,Friday 12,01:47:57,Aradului ap.,Timişoara,RO,27.3,81.1,45.0,Cloudy,354,679,869,738,266,0.285,0.547,0.7,0.595,0.214,309.29,0.25,1297.28,139.0,1182.71,140,0.113,0,"Warning: High PPM detected — MQ7, MQ8"
2026,June,Friday 12,02:18:04,Aradului ap.,Timişoara,RO,27.3,81.1,45.0,Rainy,360,693,881,752,265,0.29,0.558,0.71,0.606,0.214,326.01,0.26,1347.41,143.93,1179.44,140,0.113,0,"Warning: High PPM detected — MQ7, MQ8"
2026,June,Friday 12,02:48:14,Aradului ap.,Timişoara,RO,27.3,81.1,45.0,Rainy,372,707,925,776,274,0.3,0.57,0.745,0.625,0.221,361.37,0.27,1543.57,152.6,1208.79,140,0.113,0,"Warning: High PPM detected — MQ7, MQ8"
2026,June,Friday 12,03:18:24,Aradului ap.,Timişoara,RO,27.3,81.1,45.0,Cloudy,380,720,953,797,273,0.306,0.58,0.768,0.642,0.22,386.4,0.28,1679.0,160.43,1205.53,141,0.114,0,"Warning: High PPM detected — MQ6, MQ7, MQ8"
2026,June,Friday 12,03:48:32,Aradului ap.,Timişoara,RO,27.3,81.1,45.0,Rainy,386,731,961,798,271,0.311,0.589,0.774,0.643,0.218,405.97,0.28,1719.28,160.81,1199.02,141,0.114,0,"Warning: High PPM detected — MQ6, MQ7, MQ8"
2026,June,Friday 12,04:18:42,Aradului ap.,Timişoara,RO,27.3,81.1,45.0,Rainy,391,742,975,814,275,0.315,0.598,0.786,0.656,0.222,422.82,0.29,1791.53,166.94,1212.03,141,0.114,0,"Warning: High PPM detected — MQ6, MQ7, MQ8"
2026,June,Friday 12,04:48:50,Aradului ap.,Timişoara,RO,27.3,81.1,45.0,Rainy,392,748,983,816,279,0.316,0.603,0.792,0.658,0.225,426.24,0.3,1833.83,167.71,1225.01,140,0.113,0,"Warning: High PPM detected — MQ6, MQ7, MQ8"
2026,June,Friday 12,05:18:57,Aradului ap.,Timişoara,RO,27.3,81.1,45.0,Rainy,399,758,1004,826,280,0.322,0.611,0.809,0.666,0.226,450.8,0.3,1948.49,171.63,1228.25,141,0.114,0,"Warning: High PPM detected — MQ6, MQ7, MQ8"
2026,June,Friday 12,05:49:05,Aradului ap.,Timişoara,RO,27.3,81.1,45.0,Rainy,404,765,1007,836,278,0.326,0.616,0.812,0.674,0.224,468.95,0.31,1965.31,175.6,1221.77,140,0.113,0,"Warning: High PPM detected — MQ6, MQ7, MQ8"
2026,June,Friday 12,06:19:13,Aradului ap.,Timişoara,RO,27.3,81.1,45.0,Rainy,405,767,1015,838,285,0.326,0.618,0.818,0.675,0.23,472.64,0.31,2010.69,176.4,1244.41,140,0.113,0,"Warning: High PPM detected — MQ6, MQ7, MQ8"
2026,June,Friday 12,06:49:23,Aradului ap.,Timişoara,RO,27.3,81.1,45.0,Rainy,406,771,1017,842,288,0.327,0.621,0.82,0.679,0.232,476.36,0.31,2022.16,178.0,1254.08,140,0.113,0,"Warning: High PPM detected — MQ6, MQ7, MQ8"
2026,June,Friday 12,07:19:30,Aradului ap.,Timişoara,RO,27.3,81.1,45.0,Cloudy,418,779,1042,862,289,0.337,0.628,0.84,0.695,0.233,522.57,0.32,2169.83,186.18,1257.29,140,0.113,0,"Warning: High PPM detected — MQ6, MQ7, MQ8"
2026,June,Friday 12,07:49:40,Aradului ap.,Timişoara,RO,27.3,81.1,45.0,Cloudy,420,796,1051,866,289,0.338,0.641,0.847,0.698,0.233,530.57,0.33,2224.98,187.84,1257.29,141,0.114,0,"Warning: High PPM detected — MQ6, MQ7, MQ8"
2026,June,Friday 12,08:19:48,Aradului ap.,Timişoara,RO,27.3,81.1,45.0,Cloudy,423,799,1065,880,294,0.341,0.644,0.858,0.709,0.237,542.74,0.34,2312.92,193.72,1273.36,141,0.114,0,"Warning: High PPM detected — MQ6, MQ7, MQ8"
2026,June,Friday 12,08:49:55,Aradului ap.,Timişoara,RO,27.3,81.1,45.0,Cloudy,426,807,1068,872,298,0.343,0.65,0.861,0.703,0.24,555.11,0.34,2332.11,190.35,1286.17,140,0.113,0,"Warning: High PPM detected — MQ6, MQ7, MQ8"
2026,June,Friday 12,09:20:05,Aradului ap.,Timişoara,RO,27.3,81.1,45.0,Cloudy,427,812,1062,876,302,0.344,0.654,0.856,0.706,0.243,559.28,0.35,2293.85,192.03,1298.96,140,0.113,0,"Warning: High PPM detected — MQ6, MQ7, MQ8"
2026,June,Friday 12,09:50:15,Aradului ap.,Timişoara,RO,27.3,81.1,45.0,Unknown,661,1027,1203,1044,497,0.533,0.828,0.969,0.841,0.401,2353.73,0.54,3334.58,271.59,1896.88,136,0.11,3,"Warning: High PPM detected — MQ135, MQ6, MQ7, MQ8"
2026,June,Friday 12,14:05:03,Aradului ap.,Timişoara,RO,0.0,32.0,0.0,Cloudy,556,1290,1222,674,247,0.448,1.04,0.985,0.543,0.199,4506.76,1.32,3878.13,471.34,1431.73,135,0.109,0,"Warning: High PPM detected — MQ135, MQ6, MQ7, MQ8"
2026,June,Friday 12,14:07:57,Aradului ap.,Timişoara,RO,28.4,83.1,40.0,Cloudy,505,1212,1029,618,263,0.407,0.977,0.829,0.498,0.212,3249.55,1.15,2298.52,400.85,1495.12,141,0.114,0,"Warning: High PPM detected — MQ135, MQ6, MQ7, MQ8"
2026,June,Friday 12,14:38:34,Aradului ap.,Timişoara,RO,27.6,81.7,41.0,Cloudy,444,546,642,478,285,0.358,0.44,0.517,0.385,0.23,630.81,0.17,577.17,64.13,1243.05,135,0.109,8,"Warning: High PPM detected — MQ7, MQ8"
2026,June,Friday 12,15:08:44,Aradului ap.,Timişoara,RO,27.2,81.0,42.0,Cloudy,446,555,611,477,293,0.359,0.447,0.492,0.384,0.236,640.5,0.17,508.58,63.93,1269.02,138,0.111,0,"Warning: High PPM detected — MQ7, MQ8"
2026,June,Friday 12,15:38:54,Aradului ap.,Timişoara,RO,27.4,81.3,43.0,Cloudy,447,569,592,483,298,0.36,0.459,0.477,0.389,0.24,646.05,0.18,469.72,65.36,1285.48,137,0.11,0,"Warning: High PPM detected — MQ7, MQ8"
2026,June,Friday 12,16:09:02,Aradului ap.,Timişoara,RO,26.9,80.4,43.0,Cloudy,444,578,591,483,296,0.358,0.466,0.476,0.389,0.239,631.9,0.19,467.51,65.34,1278.91,139,0.112,0,"Warning: High PPM detected — MQ7, MQ8"
2026,June,Friday 12,16:39:09,Aradului ap.,Timişoara,RO,26.7,80.1,44.0,Cloudy,452,589,595,489,301,0.364,0.475,0.479,0.394,0.243,669.83,0.19,475.96,66.78,1295.2,138,0.111,0,"Warning: High PPM detected — MQ7, MQ8"
2026,June,Friday 12,17:09:17,Aradului ap.,Timişoara,RO,26.9,80.4,44.0,Cloudy,451,597,596,496,302,0.363,0.481,0.48,0.4,0.243,665.23,0.2,478.08,68.44,1298.46,138,0.111,0,"Warning: High PPM detected — MQ7, MQ8"
2026,June,Friday 12,17:39:24,Aradului ap.,Timişoara,RO,26.2,79.2,36.0,Cloudy,447,515,559,479,303,0.36,0.415,0.45,0.386,0.244,639.25,0.15,402.96,64.08,1298.14,137,0.11,0,"Warning: High PPM detected — MQ7, MQ8"
2026,June,Friday 12,18:09:32,Aradului ap.,Timişoara,RO,26.3,79.3,35.0,Cloudy,444,519,583,479,299,0.358,0.418,0.47,0.386,0.241,624.75,0.15,447.7,64.03,1284.98,135,0.109,1,"Warning: High PPM detected — MQ7, MQ8"
2026,June,Friday 12,18:39:42,Aradului ap.,Timişoara,RO,26.4,79.5,32.0,Rainy,444,482,574,473,299,0.358,0.388,0.463,0.381,0.241,621.91,0.14,428.9,62.51,1283.58,136,0.11,0,"Warning: High PPM detected — MQ7, MQ8"
2026,June,Friday 12,19:09:52,Aradului ap.,Timişoara,RO,25.4,77.7,33.0,Rainy,443,480,569,473,299,0.357,0.387,0.459,0.381,0.241,617.72,0.13,419.66,62.52,1283.72,137,0.11,0,"Warning: High PPM detected — MQ7, MQ8"
2026,June,Friday 12,19:40:02,Aradului ap.,Timişoara,RO,25.6,78.1,33.0,Rainy,435,467,567,472,300,0.351,0.376,0.457,0.38,0.242,582.84,0.13,416.02,62.3,1286.97,137,0.11,0,"Warning: High PPM detected — MQ7, MQ8"
2026,June,Friday 12,20:10:12,Aradului ap.,Timişoara,RO,25.3,77.5,32.0,Rainy,439,464,561,470,300,0.354,0.374,0.452,0.379,0.242,598.99,0.13,404.39,61.79,1286.37,136,0.11,0,"Warning: High PPM detected — MQ7, MQ8"
2026,June,Friday 12,20:40:22,Aradului ap.,Timişoara,RO,25.3,77.5,32.0,Cloudy,440,465,566,470,303,0.355,0.375,0.456,0.379,0.244,603.37,0.13,413.55,61.79,1295.9,137,0.11,0,"Warning: High PPM detected — MQ7, MQ8"
2026,June,Friday 12,21:10:30,Aradului ap.,Timişoara,RO,24.6,76.3,34.0,Cloudy,440,468,569,469,301,0.355,0.377,0.459,0.378,0.243,604.78,0.13,419.86,61.64,1290.27,137,0.11,0,"Warning: High PPM detected — MQ7, MQ8"
2026,June,Friday 12,21:40:37,Aradului ap.,Timişoara,RO,24.4,75.9,33.0,Cloudy,435,454,566,470,306,0.351,0.366,0.456,0.379,0.247,582.01,0.12,413.72,61.81,1305.59,137,0.11,0,"Warning: High PPM detected — MQ7, MQ8"
2026,June,Friday 12,22:10:47,Aradului ap.,Timişoara,RO,23.8,74.8,36.0,Cloudy,441,465,572,470,308,0.355,0.375,0.461,0.379,0.248,610.42,0.13,426.13,61.93,1313.12,137,0.11,0,"Warning: High PPM detected — MQ7, MQ8"
2026,June,Friday 12,22:40:57,Aradului ap.,Timişoara,RO,23.0,73.4,39.0,Cloudy,442,478,569,473,307,0.356,0.385,0.459,0.381,0.247,616.81,0.13,421.51,62.72,1310.95,136,0.11,0,"Warning: High PPM detected — MQ7, MQ8"
2026,June,Friday 12,23:11:07,Aradului ap.,Timişoara,RO,22.6,72.7,41.0,Cloudy,443,482,581,484,307,0.357,0.388,0.468,0.39,0.247,622.59,0.14,445.09,65.31,1311.61,138,0.111,0,"Warning: High PPM detected — MQ7, MQ8"
2026,June,Friday 12,23:41:17,Aradului ap.,Timişoara,RO,25.5,77.9,39.0,Cloudy,456,550,642,511,308,0.367,0.443,0.517,0.412,0.248,683.83,0.17,575.01,71.76,1315.08,136,0.11,0,"Warning: High PPM detected — MQ7, MQ8"
2026,June,Saturday 13,00:11:27,Aradului ap.,Timişoara,RO,26.1,79.0,40.0,Cloudy,469,588,686,528,310,0.378,0.474,0.553,0.425,0.25,750.17,0.19,684.06,76.04,1322.06,136,0.11,0,"Warning: High PPM detected — MQ7, MQ8"
2026,June,Saturday 13,00:41:38,Aradului ap.,Timişoara,RO,25.1,77.2,41.0,Cloudy,495,629,760,564,313,0.399,0.507,0.612,0.455,0.252,893.56,0.22,896.71,85.34,1331.62,135,0.109,0,"Warning: High PPM detected — MQ7, MQ8"
2026,June,Saturday 13,01:11:48,Aradului ap.,Timişoara,RO,25.6,78.1,42.0,Cloudy,499,655,788,580,314,0.402,0.528,0.635,0.467,0.253,918.95,0.23,989.46,89.74,1335.37,135,0.109,0,"Warning: High PPM detected — MQ7, MQ8"
2026,June,Saturday 13,01:41:55,Aradului ap.,Timişoara,RO,26.4,79.5,43.0,Cloudy,508,668,799,588,316,0.409,0.538,0.644,0.474,0.255,976.15,0.24,1028.83,92.04,1342.39,135,0.109,0,"Warning: High PPM detected — MQ7, MQ8"
2026,June,Saturday 13,02:12:05,Aradului ap.,Timişoara,RO,25.6,78.1,44.0,Cloudy,509,677,809,589,314,0.41,0.546,0.652,0.475,0.253,982.71,0.25,1064.28,92.33,1336.15,136,0.11,0,"Warning: High PPM detected — MQ7, MQ8"
2026,June,Saturday 13,02:42:15,Aradului ap.,Timişoara,RO,25.8,78.4,44.0,Cloudy,512,682,811,591,312,0.413,0.55,0.654,0.476,0.251,1001.98,0.25,1071.61,92.9,1329.88,136,0.11,0,"Warning: High PPM detected — MQ7, MQ8"
2026,June,Saturday 13,03:12:25,Aradului ap.,Timişoara,RO,25.9,78.6,45.0,Cloudy,515,691,817,594,312,0.415,0.557,0.658,0.479,0.251,1022.61,0.26,1094.34,93.8,1330.29,135,0.109,0,"Warning: High PPM detected — MQ7, MQ8"
2026,June,Saturday 13,03:42:33,Aradului ap.,Timişoara,RO,26.4,79.5,46.0,Sunny,518,697,823,601,315,0.417,0.562,0.663,0.484,0.254,1044.0,0.26,1117.78,95.86,1340.35,136,0.11,0,"Warning: High PPM detected — MQ7, MQ8"
2026,June,Saturday 13,04:12:45,Aradului ap.,Timişoara,RO,25.9,78.6,46.0,Sunny,513,708,821,598,315,0.413,0.571,0.662,0.482,0.254,1010.84,0.27,1109.93,94.98,1340.17,136,0.11,0,"Warning: High PPM detected — MQ7, MQ8"
2026,June,Saturday 13,04:42:53,Aradului ap.,Timişoara,RO,26.2,79.2,47.0,Sunny,518,711,834,608,317,0.417,0.573,0.672,0.49,0.255,1044.94,0.27,1159.77,97.9,1346.98,136,0.11,0,"Warning: High PPM detected — MQ7, MQ8"
2026,June,Saturday 13,05:13:01,Aradului ap.,Timişoara,RO,25.6,78.1,47.0,Sunny,517,716,833,605,317,0.417,0.577,0.671,0.488,0.255,1037.64,0.27,1155.38,97.01,1346.76,135,0.109,0,"Warning: High PPM detected — MQ7, MQ8"
2026,June,Saturday 13,05:43:08,Aradului ap.,Timişoara,RO,25.5,77.9,48.0,Sunny,525,718,837,610,319,0.423,0.579,0.675,0.492,0.257,1092.22,0.28,1171.47,98.49,1353.4,135,0.109,0,"Warning: High PPM detected — MQ7, MQ8"
2026,June,Saturday 13,06:13:18,Aradului ap.,Timişoara,RO,26.0,78.8,48.0,Sunny,524,730,842,613,321,0.422,0.588,0.679,0.494,0.259,1086.04,0.28,1191.23,99.38,1359.91,135,0.109,0,"Warning: High PPM detected — MQ7, MQ8"
2026,June,Saturday 13,06:43:26,Aradului ap.,Timişoara,RO,25.6,78.1,48.0,Sunny,522,732,842,615,321,0.421,0.59,0.679,0.496,0.259,1072.03,0.29,1190.81,99.94,1359.76,136,0.11,0,"Warning: High PPM detected — MQ7, MQ8"
2026,June,Saturday 13,07:13:34,Aradului ap.,Timişoara,RO,25.5,77.9,48.0,Sunny,525,735,841,611,319,0.423,0.592,0.678,0.492,0.257,1092.22,0.29,1186.84,98.78,1353.4,136,0.11,0,"Warning: High PPM detected — MQ7, MQ8"
2026,June,Saturday 13,07:43:44,Aradului ap.,Timişoara,RO,26.4,79.5,48.0,Cloudy,528,738,851,622,321,0.425,0.595,0.686,0.501,0.259,1113.96,0.29,1226.87,102.03,1360.06,136,0.11,0,"Warning: High PPM detected — MQ7, MQ8"
2026,June,Saturday 13,08:13:52,Aradului ap.,Timişoara,RO,26.2,79.2,48.0,Cloudy,532,743,855,621,323,0.429,0.599,0.689,0.5,0.26,1141.65,0.29,1242.56,101.72,1366.3,135,0.109,0,"Warning: High PPM detected — MQ7, MQ8"
2026,June,Saturday 13,08:44:01,Aradului ap.,Timişoara,RO,26.0,78.8,48.0,Cloudy,531,748,856,624,323,0.428,0.603,0.69,0.503,0.26,1134.36,0.3,1246.35,102.59,1366.23,136,0.11,0,"Warning: High PPM detected — MQ7, MQ8"
2026,June,Saturday 13,09:14:09,Aradului ap.,Timişoara,RO,25.8,78.4,48.0,Cloudy,530,747,857,618,322,0.427,0.602,0.691,0.498,0.259,1127.1,0.3,1250.14,100.82,1363.0,136,0.11,0,"Warning: High PPM detected — MQ7, MQ8"
2026,June,Saturday 13,09:44:17,Aradului ap.,Timişoara,RO,25.7,78.3,48.0,Cloudy,531,754,854,622,326,0.428,0.608,0.688,0.501,0.263,1133.97,0.3,1238.04,101.98,1375.58,136,0.11,0,"Warning: High PPM detected — MQ7, MQ8"
2026,June,Monday 15,23:20:12,Aradului ap.,Timişoara,RO,24.8,76.6,49.0,Cloudy,1261,2098,1964,1792,830,1.016,1.691,1.583,1.444,0.669,87548.04,4.52,20630.41,3749.67,3681.7,135,0.109,1,"Warning: High PPM detected — MQ135, MQ6, MQ7, MQ8"
2026,June,Monday 15,23:50:36,Aradului ap.,Timişoara,RO,25.0,77.0,48.0,Cloudy,494,1186,1288,1006,396,0.398,0.956,1.038,0.811,0.319,894.92,0.73,4128.31,252.11,1592.43,135,0.109,16,"Warning: High PPM detected — MQ6, MQ7, MQ8"
2026,June,Tuesday 16,00:20:43,Aradului ap.,Timişoara,RO,25.0,77.0,48.0,Cloudy,479,984,1205,957,398,0.386,0.793,0.971,0.771,0.321,809.75,0.5,3353.62,228.26,1598.55,135,0.109,0,"Warning: High PPM detected — MQ6, MQ7, MQ8"
2026,June,Tuesday 16,00:50:53,Aradului ap.,Timişoara,RO,25.0,77.0,48.0,Cloudy,477,914,1179,945,398,0.384,0.737,0.95,0.762,0.321,798.86,0.43,3136.91,222.65,1598.55,135,0.109,0,"Warning: High PPM detected — MQ6, MQ7, MQ8"
2026,June,Tuesday 16,01:05:42,Aradului ap.,Timişoara,RO,28.4,83.1,41.0,Cloudy,636,1229,1188,947,493,0.513,0.99,0.957,0.763,0.397,6993.97,1.18,3528.87,889.98,2403.53,133,0.107,0,"Warning: High PPM detected — MQ135, MQ6, MQ7, MQ8"
2026,June,Tuesday 16,01:36:12,Aradului ap.,Timişoara,RO,24.5,76.1,46.0,Cloudy,637,1081,1061,825,406,0.513,0.871,0.855,0.665,0.327,2071.78,0.6,2283.96,171.05,1621.88,138,0.111,36,"Warning: High PPM detected — MQ135, MQ6, MQ7, MQ8"
2026,June,Tuesday 16,02:06:22,Aradului ap.,Timişoara,RO,25.2,77.4,46.0,Cloudy,662,1060,1077,865,416,0.533,0.854,0.868,0.697,0.335,2363.01,0.58,2388.21,187.3,1652.64,139,0.112,0,"Warning: High PPM detected — MQ135, MQ6, MQ7, MQ8"
2026,June,Tuesday 16,02:36:30,Aradului ap.,Timişoara,RO,25.0,77.0,46.0,Cloudy,664,1064,1088,937,422,0.535,0.857,0.877,0.755,0.34,2386.87,0.58,2460.51,218.71,1670.76,141,0.114,0,"Warning: High PPM detected — MQ135, MQ6, MQ7, MQ8"
2026,June,Tuesday 16,03:06:40,Aradului ap.,Timişoara,RO,24.8,76.6,47.0,Cloudy,682,1074,1088,949,430,0.55,0.865,0.877,0.765,0.347,2617.69,0.59,2462.17,224.36,1695.36,141,0.114,0,"Warning: High PPM detected — MQ135, MQ6, MQ7, MQ8"
2026,June,Tuesday 16,03:36:47,Aradului ap.,Timişoara,RO,24.9,76.8,47.0,Sunny,687,1080,1091,965,434,0.554,0.87,0.879,0.778,0.35,2684.41,0.6,2482.54,231.9,1707.51,141,0.114,0,"Warning: High PPM detected — MQ135, MQ6, MQ7, MQ8"
2026,June,Tuesday 16,04:06:57,Aradului ap.,Timişoara,RO,24.6,76.3,48.0,Sunny,687,1093,1094,978,440,0.554,0.881,0.882,0.788,0.355,2686.4,0.62,2504.23,238.23,1725.95,140,0.113,0,"Warning: High PPM detected — MQ135, MQ6, MQ7, MQ8"
2026,June,Tuesday 16,04:37:07,Aradului ap.,Timişoara,RO,24.9,76.8,48.0,Sunny,709,1106,1108,989,445,0.571,0.891,0.893,0.797,0.359,2995.42,0.63,2601.35,243.65,1741.19,140,0.113,0,"Warning: High PPM detected — MQ135, MQ6, MQ7, MQ8"
2026,June,Tuesday 16,05:07:15,Aradului ap.,Timişoara,RO,24.4,75.9,48.0,Sunny,723,1120,1114,1004,459,0.583,0.903,0.898,0.809,0.37,3203.24,0.65,2642.35,251.01,1783.1,140,0.113,0,"Warning: High PPM detected — MQ135, MQ6, MQ7, MQ8"
2026,June,Tuesday 16,05:37:25,Aradului ap.,Timişoara,RO,24.8,76.6,48.0,Sunny,731,1129,1120,1007,472,0.589,0.91,0.903,0.812,0.38,3329.6,0.66,2686.06,252.58,1822.33,140,0.113,0,"Warning: High PPM detected — MQ135, MQ6, MQ7, MQ8"
2026,June,Tuesday 16,06:07:35,Aradului ap.,Timişoara,RO,24.4,75.9,48.0,Sunny,748,1142,1119,1014,484,0.603,0.92,0.902,0.817,0.39,3605.62,0.67,2677.92,256.06,1858.06,139,0.112,0,"Warning: High PPM detected — MQ135, MQ6, MQ7, MQ8"
2026,June,Tuesday 16,06:37:45,Aradului ap.,Timişoara,RO,24.7,76.5,48.0,Sunny,744,1136,1120,1017,485,0.6,0.915,0.903,0.82,0.391,3540.01,0.67,2685.82,257.63,1861.21,140,0.113,0,"Warning: High PPM detected — MQ135, MQ6, MQ7, MQ8"
2026,June,Tuesday 16,07:07:53,Aradului ap.,Timişoara,RO,24.3,75.7,49.0,Sunny,765,1155,1133,1026,495,0.616,0.931,0.913,0.827,0.399,3904.61,0.69,2781.56,262.33,1891.36,139,0.112,0,"Warning: High PPM detected — MQ135, MQ6, MQ7, MQ8"
2026,June,Tuesday 16,07:38:00,Aradului ap.,Timişoara,RO,24.7,76.5,49.0,Sunny,802,1199,1174,1072,539,0.646,0.966,0.946,0.864,0.434,4615.42,0.75,3098.25,286.88,2022.57,139,0.112,0,"Warning: High PPM detected — MQ135, MQ6, MQ7, MQ8"
2026,June,Tuesday 16,08:08:08,Aradului ap.,Timişoara,RO,24.3,75.7,49.0,Sunny,889,1308,1249,1157,623,0.716,1.054,1.007,0.932,0.502,6681.5,0.9,3748.57,336.08,2270.84,140,0.113,0,"Warning: High PPM detected — MQ135, MQ6, MQ7, MQ8"
2026,June,Tuesday 16,08:38:18,Aradului ap.,Timişoara,RO,24.7,76.5,49.0,Sunny,901,1323,1262,1177,632,0.726,1.066,1.017,0.948,0.509,7020.21,0.93,3873.47,348.57,2297.68,140,0.113,0,"Warning: High PPM detected — MQ135, MQ6, MQ7, MQ8"
2026,June,Tuesday 16,09:08:28,Aradului ap.,Timişoara,RO,26.6,79.9,47.0,Sunny,921,1356,1301,1212,650,0.742,1.093,1.048,0.977,0.524,7609.43,0.98,4264.36,371.07,2350.82,140,0.113,0,"Warning: High PPM detected — MQ135, MQ6, MQ7, MQ8"
2026,June,Tuesday 16,09:38:38,Aradului ap.,Timişoara,RO,24.7,76.5,49.0,Sunny,911,1349,1300,1199,645,0.734,1.087,1.048,0.966,0.52,7309.99,0.97,4253.9,362.59,2336.06,140,0.113,0,"Warning: High PPM detected — MQ135, MQ6, MQ7, MQ8"
2026,June,Friday 19,09:45:18,Aradului ap.,Timişoara,RO,26.5,79.7,43.0,Sunny,1341,1875,1836,1465,861,1.081,1.511,1.48,1.181,0.694,33133.55,2.17,14202.76,566.24,2974.24,136,0.11,0,"Warning: High PPM detected — MQ135, MQ6, MQ7, MQ8"
2026,June,Friday 19,10:15:28,Aradului ap.,Timişoara,RO,26.9,80.4,43.0,Cloudy,731,1539,1285,1070,384,0.589,1.24,1.036,0.862,0.309,3318.52,1.31,4086.83,285.13,1554.31,134,0.108,0,"Warning: High PPM detected — MQ135, MQ6, MQ7, MQ8"
2026,June,Friday 19,10:45:38,Aradului ap.,Timişoara,RO,27.0,80.6,44.0,Cloudy,597,1320,1097,938,344,0.481,1.064,0.884,0.756,0.277,1666.66,0.92,2521.21,219.16,1430.99,135,0.109,0,"Warning: High PPM detected — MQ135, MQ6, MQ7, MQ8"
2026,June,Friday 19,11:15:46,Aradului ap.,Timişoara,RO,27.0,80.6,43.0,Cloudy,673,1251,1110,970,448,0.542,1.008,0.895,0.782,0.361,2496.02,0.82,2608.71,234.01,1748.83,136,0.11,0,"Warning: High PPM detected — MQ135, MQ6, MQ7, MQ8"
2026,June,Friday 19,11:45:53,Aradului ap.,Timişoara,RO,27.5,81.5,42.0,Sunny,600,1097,992,871,371,0.484,0.884,0.799,0.702,0.299,1691.66,0.62,1877.48,189.59,1514.09,135,0.109,0,"Warning: High PPM detected — MQ135, MQ6, MQ7, MQ8"
2026,June,Friday 19,12:16:01,Aradului ap.,Timişoara,RO,27.4,81.3,41.0,Sunny,593,1024,765,826,378,0.478,0.825,0.616,0.666,0.305,1624.34,0.54,914.36,171.2,1535.15,139,0.112,0,"Warning: High PPM detected — MQ135, MQ7, MQ8"
2026,June,Friday 19,12:46:09,Aradului ap.,Timişoara,RO,27.8,82.0,40.0,Sunny,575,948,700,773,372,0.463,0.764,0.564,0.623,0.3,1464.51,0.46,722.25,151.05,1516.37,137,0.11,0,"Warning: High PPM detected — MQ135, MQ7, MQ8"
2026,June,Friday 19,13:16:16,Aradului ap.,Timişoara,RO,27.9,82.2,41.0,Sunny,567,913,665,739,367,0.457,0.736,0.536,0.596,0.296,1399.89,0.43,632.4,139.04,1501.45,137,0.11,0,"Warning: High PPM detected — MQ135, MQ7, MQ8"
2026,June,Friday 19,13:46:24,Aradului ap.,Timişoara,RO,28.0,82.4,41.0,Sunny,558,893,643,718,363,0.45,0.72,0.518,0.579,0.293,1327.77,0.41,579.68,131.86,1489.12,137,0.11,0,"Warning: High PPM detected — MQ135, MQ7, MQ8"
2026,June,Friday 19,14:16:32,Aradului ap.,Timişoara,RO,28.0,82.4,41.0,Sunny,560,886,624,702,368,0.451,0.714,0.503,0.566,0.297,1343.58,0.41,536.61,126.52,1504.57,137,0.11,0,"Warning: High PPM detected — MQ135, MQ7, MQ8"
2026,June,Monday 22,23:05:17,Aradului ap.,Timişoara,RO,0.0,32.0,0.0,Rainy,448,779,924,1032,395,0.361,0.628,0.745,0.832,0.318,656.27,0.32,1546.24,266.18,1591.47,144,0.116,41,"Warning: High PPM detected — MQ7, MQ8"
2026,June,Monday 22,23:41:02,Aradului ap.,Timişoara,RO,28.9,84.0,48.0,Rainy,521,760,931,900,445,0.42,0.612,0.75,0.725,0.359,1069.13,0.31,1577.92,202.87,1743.03,134,0.108,0,"Warning: High PPM detected — MQ7, MQ8"
2026,June,Tuesday 23,00:11:09,Aradului ap.,Timişoara,RO,28.9,84.0,48.0,Rainy,524,720,856,976,445,0.422,0.58,0.69,0.787,0.359,1089.43,0.28,1249.31,237.86,1743.03,135,0.109,47,"Warning: High PPM detected — MQ7, MQ8"
2026,June,Tuesday 23,00:41:17,Aradului ap.,Timişoara,RO,28.9,84.0,48.0,Rainy,541,709,850,960,464,0.436,0.571,0.685,0.774,0.374,1209.89,0.27,1225.41,230.2,1800.28,135,0.109,0,"Warning: High PPM detected — MQ135, MQ7, MQ8"
2026,June,Tuesday 23,01:11:27,Aradului ap.,Timişoara,RO,28.9,84.0,48.0,Rainy,897,1058,1201,1157,812,0.723,0.853,0.968,0.932,0.654,6931.51,0.58,3330.34,336.8,2833.33,138,0.111,1,"Warning: High PPM detected — MQ135, MQ6, MQ7, MQ8"
2026,June,Tuesday 23,01:41:37,Aradului ap.,Timişoara,RO,28.9,84.0,48.0,Rainy,927,1086,1251,1191,840,0.747,0.875,1.008,0.96,0.677,7821.37,0.61,3778.95,358.12,2917.12,139,0.112,0,"Warning: High PPM detected — MQ135, MQ6, MQ7, MQ8"
2026,June,Tuesday 23,02:11:45,Aradului ap.,Timişoara,RO,28.9,84.0,48.0,Rainy,923,1077,1251,1188,835,0.744,0.868,1.008,0.957,0.673,7697.68,0.6,3778.95,356.2,2902.13,139,0.112,0,"Warning: High PPM detected — MQ135, MQ6, MQ7, MQ8"
2026,June,Tuesday 23,02:41:52,Aradului ap.,Timişoara,RO,28.9,84.0,48.0,Rainy,924,1072,1248,1175,837,0.745,0.864,1.006,0.947,0.675,7728.45,0.59,3750.72,347.97,2908.13,139,0.112,0,"Warning: High PPM detected — MQ135, MQ6, MQ7, MQ8"
2026,June,Tuesday 23,03:12:03,Aradului ap.,Timişoara,RO,28.9,84.0,48.0,Rainy,937,1072,1251,1170,842,0.755,0.864,1.008,0.943,0.679,8137.64,0.59,3778.95,344.84,2923.11,139,0.112,0,"Warning: High PPM detected — MQ135, MQ6, MQ7, MQ8"
2026,June,Tuesday 23,03:42:10,Aradului ap.,Timişoara,RO,28.9,84.0,48.0,Rainy,938,1078,1270,1176,854,0.756,0.869,1.023,0.948,0.688,8169.82,0.6,3961.84,348.6,2959.13,139,0.112,0,"Warning: High PPM detected — MQ135, MQ6, MQ7, MQ8"
2026,June,Tuesday 23,04:12:18,Aradului ap.,Timişoara,RO,28.9,84.0,48.0,Rainy,928,1061,1247,1161,835,0.748,0.855,1.005,0.936,0.673,7852.54,0.58,3741.34,339.26,2902.13,139,0.112,0,"Warning: High PPM detected — MQ135, MQ6, MQ7, MQ8"
2026,June,Tuesday 23,04:42:26,Aradului ap.,Timişoara,RO,28.9,84.0,48.0,Rainy,923,1054,1260,1165,841,0.744,0.849,1.015,0.939,0.678,7697.68,0.57,3864.7,341.73,2920.12,140,0.113,0,"Warning: High PPM detected — MQ135, MQ6, MQ7, MQ8"
2026,June,Tuesday 23,05:12:36,Aradului ap.,Timişoara,RO,28.9,84.0,48.0,Cloudy,936,1063,1269,1166,848,0.754,0.857,1.023,0.94,0.683,8105.55,0.58,3952.04,342.35,2941.12,140,0.113,0,"Warning: High PPM detected — MQ135, MQ6, MQ7, MQ8"
2026,June,Tuesday 23,05:42:43,Aradului ap.,Timişoara,RO,28.9,84.0,48.0,Cloudy,960,1088,1286,1191,867,0.774,0.877,1.036,0.96,0.699,8904.46,0.61,4121.45,358.12,2998.23,140,0.113,0,"Warning: High PPM detected — MQ135, MQ6, MQ7, MQ8"
2026,June,Tuesday 23,06:12:53,Aradului ap.,Timişoara,RO,28.9,84.0,48.0,Rainy,941,1050,1266,1169,838,0.758,0.846,1.02,0.942,0.675,8267.0,0.57,3922.75,344.22,2911.12,140,0.113,0,"Warning: High PPM detected — MQ135, MQ6, MQ7, MQ8"
2026,June,Tuesday 23,06:43:03,Aradului ap.,Timişoara,RO,28.9,84.0,48.0,Rainy,958,1082,1305,1187,860,0.772,0.872,1.052,0.957,0.693,8835.54,0.61,4317.85,355.56,2977.17,140,0.113,0,"Warning: High PPM detected — MQ135, MQ6, MQ7, MQ8"
2026,June,Tuesday 23,07:13:11,Aradului ap.,Timişoara,RO,28.9,84.0,48.0,Rainy,986,1109,1328,1215,895,0.795,0.894,1.07,0.979,0.721,9841.0,0.64,4565.95,373.74,3082.7,140,0.113,0,"Warning: High PPM detected — MQ135, MQ6, MQ7, MQ8"
2026,June,Tuesday 23,07:43:21,Aradului ap.,Timişoara,RO,28.9,84.0,48.0,Rainy,971,1080,1323,1206,869,0.782,0.87,1.066,0.972,0.7,9291.39,0.6,4511.03,367.83,3004.25,140,0.113,0,"Warning: High PPM detected — MQ135, MQ6, MQ7, MQ8"
2026,June,Tuesday 23,08:13:29,Aradului ap.,Timişoara,RO,28.9,84.0,48.0,Rainy,992,1109,1344,1226,878,0.799,0.894,1.083,0.988,0.708,10068.14,0.64,4745.47,381.07,3031.37,139,0.112,0,"Warning: High PPM detected — MQ135, MQ6, MQ7, MQ8"
2026,June,Tuesday 23,08:43:36,Aradului ap.,Timişoara,RO,28.9,84.0,48.0,Cloudy,993,1113,1353,1233,883,0.8,0.897,1.09,0.994,0.712,10106.41,0.64,4849.02,385.78,3046.45,139,0.112,0,"Warning: High PPM detected — MQ135, MQ6, MQ7, MQ8"
2026,June,Tuesday 23,09:13:44,Aradului ap.,Timişoara,RO,28.9,84.0,48.0,Cloudy,982,1097,1327,1211,872,0.791,0.884,1.069,0.976,0.703,9691.91,0.62,4554.92,371.11,3013.28,139,0.112,0,"Warning: High PPM detected — MQ135, MQ6, MQ7, MQ8"
